Provincias;Edad (grupos quinquenales);Españoles/Extranjeros;Sexo;Periodo;Total
02 Albacete;TOTAL EDADES;TOTAL;Ambos sexos;2022;385.727
02 Albacete;TOTAL EDADES;TOTAL;Ambos sexos;2021;386.464
02 Albacete;TOTAL EDADES;TOTAL;Ambos sexos;2020;388.270
02 Albacete;TOTAL EDADES;TOTAL;Ambos sexos;2019;388.167
02 Albacete;TOTAL EDADES;TOTAL;Ambos sexos;2018;388.786
02 Albacete;TOTAL EDADES;TOTAL;Hombres;2022;192.963
02 Albacete;TOTAL EDADES;TOTAL;Hombres;2021;193.205
02 Albacete;TOTAL EDADES;TOTAL;Hombres;2020;194.081
02 Albacete;TOTAL EDADES;TOTAL;Hombres;2019;193.911
02 Albacete;TOTAL EDADES;TOTAL;Hombres;2018;194.158
02 Albacete;TOTAL EDADES;TOTAL;Mujeres;2022;192.764
02 Albacete;TOTAL EDADES;TOTAL;Mujeres;2021;193.259
02 Albacete;TOTAL EDADES;TOTAL;Mujeres;2020;194.189
02 Albacete;TOTAL EDADES;TOTAL;Mujeres;2019;194.256
02 Albacete;TOTAL EDADES;TOTAL;Mujeres;2018;194.628
03 Alicante/Alacant;TOTAL EDADES;TOTAL;Ambos sexos;2022;1.901.594
03 Alicante/Alacant;TOTAL EDADES;TOTAL;Ambos sexos;2021;1.881.762
03 Alicante/Alacant;TOTAL EDADES;TOTAL;Ambos sexos;2020;1.879.888
03 Alicante/Alacant;TOTAL EDADES;TOTAL;Ambos sexos;2019;1.858.683
03 Alicante/Alacant;TOTAL EDADES;TOTAL;Ambos sexos;2018;1.838.819
03 Alicante/Alacant;TOTAL EDADES;TOTAL;Hombres;2022;941.361
03 Alicante/Alacant;TOTAL EDADES;TOTAL;Hombres;2021;932.018
03 Alicante/Alacant;TOTAL EDADES;TOTAL;Hombres;2020;931.856
03 Alicante/Alacant;TOTAL EDADES;TOTAL;Hombres;2019;920.915
03 Alicante/Alacant;TOTAL EDADES;TOTAL;Hombres;2018;911.097
03 Alicante/Alacant;TOTAL EDADES;TOTAL;Mujeres;2022;960.233
03 Alicante/Alacant;TOTAL EDADES;TOTAL;Mujeres;2021;949.744
03 Alicante/Alacant;TOTAL EDADES;TOTAL;Mujeres;2020;948.032
03 Alicante/Alacant;TOTAL EDADES;TOTAL;Mujeres;2019;937.768
03 Alicante/Alacant;TOTAL EDADES;TOTAL;Mujeres;2018;927.722
04 Almería;TOTAL EDADES;TOTAL;Ambos sexos;2022;740.534
04 Almería;TOTAL EDADES;TOTAL;Ambos sexos;2021;731.792
04 Almería;TOTAL EDADES;TOTAL;Ambos sexos;2020;727.945
04 Almería;TOTAL EDADES;TOTAL;Ambos sexos;2019;716.820
04 Almería;TOTAL EDADES;TOTAL;Ambos sexos;2018;709.340
04 Almería;TOTAL EDADES;TOTAL;Hombres;2022;378.055
04 Almería;TOTAL EDADES;TOTAL;Hombres;2021;373.136
04 Almería;TOTAL EDADES;TOTAL;Hombres;2020;371.558
04 Almería;TOTAL EDADES;TOTAL;Hombres;2019;365.701
04 Almería;TOTAL EDADES;TOTAL;Hombres;2018;361.319
04 Almería;TOTAL EDADES;TOTAL;Mujeres;2022;362.479
04 Almería;TOTAL EDADES;TOTAL;Mujeres;2021;358.656
04 Almería;TOTAL EDADES;TOTAL;Mujeres;2020;356.387
04 Almería;TOTAL EDADES;TOTAL;Mujeres;2019;351.119
04 Almería;TOTAL EDADES;TOTAL;Mujeres;2018;348.021
01 Araba/Álava;TOTAL EDADES;TOTAL;Ambos sexos;2022;334.412
01 Araba/Álava;TOTAL EDADES;TOTAL;Ambos sexos;2021;333.626
01 Araba/Álava;TOTAL EDADES;TOTAL;Ambos sexos;2020;333.940
01 Araba/Álava;TOTAL EDADES;TOTAL;Ambos sexos;2019;331.549
01 Araba/Álava;TOTAL EDADES;TOTAL;Ambos sexos;2018;328.868
01 Araba/Álava;TOTAL EDADES;TOTAL;Hombres;2022;164.585
01 Araba/Álava;TOTAL EDADES;TOTAL;Hombres;2021;164.252
01 Araba/Álava;TOTAL EDADES;TOTAL;Hombres;2020;164.524
01 Araba/Álava;TOTAL EDADES;TOTAL;Hombres;2019;163.499
01 Araba/Álava;TOTAL EDADES;TOTAL;Hombres;2018;162.175
01 Araba/Álava;TOTAL EDADES;TOTAL;Mujeres;2022;169.827
01 Araba/Álava;TOTAL EDADES;TOTAL;Mujeres;2021;169.374
01 Araba/Álava;TOTAL EDADES;TOTAL;Mujeres;2020;169.416
01 Araba/Álava;TOTAL EDADES;TOTAL;Mujeres;2019;168.050
01 Araba/Álava;TOTAL EDADES;TOTAL;Mujeres;2018;166.693
33 Asturias;TOTAL EDADES;TOTAL;Ambos sexos;2022;1.004.686
33 Asturias;TOTAL EDADES;TOTAL;Ambos sexos;2021;1.011.792
33 Asturias;TOTAL EDADES;TOTAL;Ambos sexos;2020;1.018.784
33 Asturias;TOTAL EDADES;TOTAL;Ambos sexos;2019;1.022.800
33 Asturias;TOTAL EDADES;TOTAL;Ambos sexos;2018;1.028.244
33 Asturias;TOTAL EDADES;TOTAL;Hombres;2022;479.134
33 Asturias;TOTAL EDADES;TOTAL;Hombres;2021;482.665
33 Asturias;TOTAL EDADES;TOTAL;Hombres;2020;486.066
33 Asturias;TOTAL EDADES;TOTAL;Hombres;2019;488.137
33 Asturias;TOTAL EDADES;TOTAL;Hombres;2018;490.738
33 Asturias;TOTAL EDADES;TOTAL;Mujeres;2022;525.552
33 Asturias;TOTAL EDADES;TOTAL;Mujeres;2021;529.127
33 Asturias;TOTAL EDADES;TOTAL;Mujeres;2020;532.718
33 Asturias;TOTAL EDADES;TOTAL;Mujeres;2019;534.663
33 Asturias;TOTAL EDADES;TOTAL;Mujeres;2018;537.506
05 Ávila;TOTAL EDADES;TOTAL;Ambos sexos;2022;158.140
05 Ávila;TOTAL EDADES;TOTAL;Ambos sexos;2021;158.421
05 Ávila;TOTAL EDADES;TOTAL;Ambos sexos;2020;157.664
05 Ávila;TOTAL EDADES;TOTAL;Ambos sexos;2019;157.640
05 Ávila;TOTAL EDADES;TOTAL;Ambos sexos;2018;158.498
05 Ávila;TOTAL EDADES;TOTAL;Hombres;2022;79.442
05 Ávila;TOTAL EDADES;TOTAL;Hombres;2021;79.562
05 Ávila;TOTAL EDADES;TOTAL;Hombres;2020;79.109
05 Ávila;TOTAL EDADES;TOTAL;Hombres;2019;79.071
05 Ávila;TOTAL EDADES;TOTAL;Hombres;2018;79.538
05 Ávila;TOTAL EDADES;TOTAL;Mujeres;2022;78.698
05 Ávila;TOTAL EDADES;TOTAL;Mujeres;2021;78.859
05 Ávila;TOTAL EDADES;TOTAL;Mujeres;2020;78.555
05 Ávila;TOTAL EDADES;TOTAL;Mujeres;2019;78.569
05 Ávila;TOTAL EDADES;TOTAL;Mujeres;2018;78.960
06 Badajoz;TOTAL EDADES;TOTAL;Ambos sexos;2022;666.971
06 Badajoz;TOTAL EDADES;TOTAL;Ambos sexos;2021;669.943
06 Badajoz;TOTAL EDADES;TOTAL;Ambos sexos;2020;672.137
06 Badajoz;TOTAL EDADES;TOTAL;Ambos sexos;2019;673.559
06 Badajoz;TOTAL EDADES;TOTAL;Ambos sexos;2018;676.376
06 Badajoz;TOTAL EDADES;TOTAL;Hombres;2022;329.507
06 Badajoz;TOTAL EDADES;TOTAL;Hombres;2021;331.025
06 Badajoz;TOTAL EDADES;TOTAL;Hombres;2020;332.204
06 Badajoz;TOTAL EDADES;TOTAL;Hombres;2019;333.112
06 Badajoz;TOTAL EDADES;TOTAL;Hombres;2018;334.636
06 Badajoz;TOTAL EDADES;TOTAL;Mujeres;2022;337.464
06 Badajoz;TOTAL EDADES;TOTAL;Mujeres;2021;338.918
06 Badajoz;TOTAL EDADES;TOTAL;Mujeres;2020;339.933
06 Badajoz;TOTAL EDADES;TOTAL;Mujeres;2019;340.447
06 Badajoz;TOTAL EDADES;TOTAL;Mujeres;2018;341.740
07 Balears, Illes;TOTAL EDADES;TOTAL;Ambos sexos;2022;1.176.659
07 Balears, Illes;TOTAL EDADES;TOTAL;Ambos sexos;2021;1.173.008
07 Balears, Illes;TOTAL EDADES;TOTAL;Ambos sexos;2020;1.171.543
07 Balears, Illes;TOTAL EDADES;TOTAL;Ambos sexos;2019;1.149.460
07 Balears, Illes;TOTAL EDADES;TOTAL;Ambos sexos;2018;1.128.908
07 Balears, Illes;TOTAL EDADES;TOTAL;Hombres;2022;585.696
07 Balears, Illes;TOTAL EDADES;TOTAL;Hombres;2021;584.853
07 Balears, Illes;TOTAL EDADES;TOTAL;Hombres;2020;584.298
07 Balears, Illes;TOTAL EDADES;TOTAL;Hombres;2019;572.757
07 Balears, Illes;TOTAL EDADES;TOTAL;Hombres;2018;561.803
07 Balears, Illes;TOTAL EDADES;TOTAL;Mujeres;2022;590.963
07 Balears, Illes;TOTAL EDADES;TOTAL;Mujeres;2021;588.155
07 Balears, Illes;TOTAL EDADES;TOTAL;Mujeres;2020;587.245
07 Balears, Illes;TOTAL EDADES;TOTAL;Mujeres;2019;576.703
07 Balears, Illes;TOTAL EDADES;TOTAL;Mujeres;2018;567.105
08 Barcelona;TOTAL EDADES;TOTAL;Ambos sexos;2022;5.727.615
08 Barcelona;TOTAL EDADES;TOTAL;Ambos sexos;2021;5.714.730
08 Barcelona;TOTAL EDADES;TOTAL;Ambos sexos;2020;5.743.402
08 Barcelona;TOTAL EDADES;TOTAL;Ambos sexos;2019;5.664.579
08 Barcelona;TOTAL EDADES;TOTAL;Ambos sexos;2018;5.609.350
08 Barcelona;TOTAL EDADES;TOTAL;Hombres;2022;2.796.852
08 Barcelona;TOTAL EDADES;TOTAL;Hombres;2021;2.791.250
08 Barcelona;TOTAL EDADES;TOTAL;Hombres;2020;2.804.316
08 Barcelona;TOTAL EDADES;TOTAL;Hombres;2019;2.762.689
08 Barcelona;TOTAL EDADES;TOTAL;Hombres;2018;2.733.466
08 Barcelona;TOTAL EDADES;TOTAL;Mujeres;2022;2.930.763
08 Barcelona;TOTAL EDADES;TOTAL;Mujeres;2021;2.923.480
08 Barcelona;TOTAL EDADES;TOTAL;Mujeres;2020;2.939.086
08 Barcelona;TOTAL EDADES;TOTAL;Mujeres;2019;2.901.890
08 Barcelona;TOTAL EDADES;TOTAL;Mujeres;2018;2.875.884
48 Bizkaia;TOTAL EDADES;TOTAL;Ambos sexos;2022;1.149.344
48 Bizkaia;TOTAL EDADES;TOTAL;Ambos sexos;2021;1.154.334
48 Bizkaia;TOTAL EDADES;TOTAL;Ambos sexos;2020;1.159.443
48 Bizkaia;TOTAL EDADES;TOTAL;Ambos sexos;2019;1.152.651
48 Bizkaia;TOTAL EDADES;TOTAL;Ambos sexos;2018;1.149.628
48 Bizkaia;TOTAL EDADES;TOTAL;Hombres;2022;555.041
48 Bizkaia;TOTAL EDADES;TOTAL;Hombres;2021;557.416
48 Bizkaia;TOTAL EDADES;TOTAL;Hombres;2020;559.798
48 Bizkaia;TOTAL EDADES;TOTAL;Hombres;2019;556.212
48 Bizkaia;TOTAL EDADES;TOTAL;Hombres;2018;554.879
48 Bizkaia;TOTAL EDADES;TOTAL;Mujeres;2022;594.303
48 Bizkaia;TOTAL EDADES;TOTAL;Mujeres;2021;596.918
48 Bizkaia;TOTAL EDADES;TOTAL;Mujeres;2020;599.645
48 Bizkaia;TOTAL EDADES;TOTAL;Mujeres;2019;596.439
48 Bizkaia;TOTAL EDADES;TOTAL;Mujeres;2018;594.749
09 Burgos;TOTAL EDADES;TOTAL;Ambos sexos;2022;355.045
09 Burgos;TOTAL EDADES;TOTAL;Ambos sexos;2021;356.055
09 Burgos;TOTAL EDADES;TOTAL;Ambos sexos;2020;357.650
09 Burgos;TOTAL EDADES;TOTAL;Ambos sexos;2019;356.958
09 Burgos;TOTAL EDADES;TOTAL;Ambos sexos;2018;357.070
09 Burgos;TOTAL EDADES;TOTAL;Hombres;2022;177.479
09 Burgos;TOTAL EDADES;TOTAL;Hombres;2021;177.920
09 Burgos;TOTAL EDADES;TOTAL;Hombres;2020;178.578
09 Burgos;TOTAL EDADES;TOTAL;Hombres;2019;178.230
09 Burgos;TOTAL EDADES;TOTAL;Hombres;2018;178.337
09 Burgos;TOTAL EDADES;TOTAL;Mujeres;2022;177.566
09 Burgos;TOTAL EDADES;TOTAL;Mujeres;2021;178.135
09 Burgos;TOTAL EDADES;TOTAL;Mujeres;2020;179.072
09 Burgos;TOTAL EDADES;TOTAL;Mujeres;2019;178.728
09 Burgos;TOTAL EDADES;TOTAL;Mujeres;2018;178.733
10 Cáceres;TOTAL EDADES;TOTAL;Ambos sexos;2022;387.805
10 Cáceres;TOTAL EDADES;TOTAL;Ambos sexos;2021;389.558
10 Cáceres;TOTAL EDADES;TOTAL;Ambos sexos;2020;391.850
10 Cáceres;TOTAL EDADES;TOTAL;Ambos sexos;2019;394.151
10 Cáceres;TOTAL EDADES;TOTAL;Ambos sexos;2018;396.487
10 Cáceres;TOTAL EDADES;TOTAL;Hombres;2022;191.956
10 Cáceres;TOTAL EDADES;TOTAL;Hombres;2021;192.951
10 Cáceres;TOTAL EDADES;TOTAL;Hombres;2020;194.084
10 Cáceres;TOTAL EDADES;TOTAL;Hombres;2019;195.388
10 Cáceres;TOTAL EDADES;TOTAL;Hombres;2018;196.619
10 Cáceres;TOTAL EDADES;TOTAL;Mujeres;2022;195.849
10 Cáceres;TOTAL EDADES;TOTAL;Mujeres;2021;196.607
10 Cáceres;TOTAL EDADES;TOTAL;Mujeres;2020;197.766
10 Cáceres;TOTAL EDADES;TOTAL;Mujeres;2019;198.763
10 Cáceres;TOTAL EDADES;TOTAL;Mujeres;2018;199.868
11 Cádiz;TOTAL EDADES;TOTAL;Ambos sexos;2022;1.246.781
11 Cádiz;TOTAL EDADES;TOTAL;Ambos sexos;2021;1.245.960
11 Cádiz;TOTAL EDADES;TOTAL;Ambos sexos;2020;1.244.049
11 Cádiz;TOTAL EDADES;TOTAL;Ambos sexos;2019;1.240.155
11 Cádiz;TOTAL EDADES;TOTAL;Ambos sexos;2018;1.238.714
11 Cádiz;TOTAL EDADES;TOTAL;Hombres;2022;614.247
11 Cádiz;TOTAL EDADES;TOTAL;Hombres;2021;614.084
11 Cádiz;TOTAL EDADES;TOTAL;Hombres;2020;613.561
11 Cádiz;TOTAL EDADES;TOTAL;Hombres;2019;611.791
11 Cádiz;TOTAL EDADES;TOTAL;Hombres;2018;611.357
11 Cádiz;TOTAL EDADES;TOTAL;Mujeres;2022;632.534
11 Cádiz;TOTAL EDADES;TOTAL;Mujeres;2021;631.876
11 Cádiz;TOTAL EDADES;TOTAL;Mujeres;2020;630.488
11 Cádiz;TOTAL EDADES;TOTAL;Mujeres;2019;628.364
11 Cádiz;TOTAL EDADES;TOTAL;Mujeres;2018;627.357
39 Cantabria;TOTAL EDADES;TOTAL;Ambos sexos;2022;585.402
39 Cantabria;TOTAL EDADES;TOTAL;Ambos sexos;2021;584.507
39 Cantabria;TOTAL EDADES;TOTAL;Ambos sexos;2020;582.905
39 Cantabria;TOTAL EDADES;TOTAL;Ambos sexos;2019;581.078
39 Cantabria;TOTAL EDADES;TOTAL;Ambos sexos;2018;580.229
39 Cantabria;TOTAL EDADES;TOTAL;Hombres;2022;283.718
39 Cantabria;TOTAL EDADES;TOTAL;Hombres;2021;283.378
39 Cantabria;TOTAL EDADES;TOTAL;Hombres;2020;282.559
39 Cantabria;TOTAL EDADES;TOTAL;Hombres;2019;281.801
39 Cantabria;TOTAL EDADES;TOTAL;Hombres;2018;281.564
39 Cantabria;TOTAL EDADES;TOTAL;Mujeres;2022;301.684
39 Cantabria;TOTAL EDADES;TOTAL;Mujeres;2021;301.129
39 Cantabria;TOTAL EDADES;TOTAL;Mujeres;2020;300.346
39 Cantabria;TOTAL EDADES;TOTAL;Mujeres;2019;299.277
39 Cantabria;TOTAL EDADES;TOTAL;Mujeres;2018;298.665
12 Castellón/Castelló;TOTAL EDADES;TOTAL;Ambos sexos;2022;590.616
12 Castellón/Castelló;TOTAL EDADES;TOTAL;Ambos sexos;2021;587.064
12 Castellón/Castelló;TOTAL EDADES;TOTAL;Ambos sexos;2020;585.590
12 Castellón/Castelló;TOTAL EDADES;TOTAL;Ambos sexos;2019;579.962
12 Castellón/Castelló;TOTAL EDADES;TOTAL;Ambos sexos;2018;576.898
12 Castellón/Castelló;TOTAL EDADES;TOTAL;Hombres;2022;293.094
12 Castellón/Castelló;TOTAL EDADES;TOTAL;Hombres;2021;291.415
12 Castellón/Castelló;TOTAL EDADES;TOTAL;Hombres;2020;290.799
12 Castellón/Castelló;TOTAL EDADES;TOTAL;Hombres;2019;288.077
12 Castellón/Castelló;TOTAL EDADES;TOTAL;Hombres;2018;286.359
12 Castellón/Castelló;TOTAL EDADES;TOTAL;Mujeres;2022;297.522
12 Castellón/Castelló;TOTAL EDADES;TOTAL;Mujeres;2021;295.649
12 Castellón/Castelló;TOTAL EDADES;TOTAL;Mujeres;2020;294.791
12 Castellón/Castelló;TOTAL EDADES;TOTAL;Mujeres;2019;291.885
12 Castellón/Castelló;TOTAL EDADES;TOTAL;Mujeres;2018;290.539
13 Ciudad Real;TOTAL EDADES;TOTAL;Ambos sexos;2022;490.806
13 Ciudad Real;TOTAL EDADES;TOTAL;Ambos sexos;2021;492.591
13 Ciudad Real;TOTAL EDADES;TOTAL;Ambos sexos;2020;495.045
13 Ciudad Real;TOTAL EDADES;TOTAL;Ambos sexos;2019;495.761
13 Ciudad Real;TOTAL EDADES;TOTAL;Ambos sexos;2018;499.100
13 Ciudad Real;TOTAL EDADES;TOTAL;Hombres;2022;242.918
13 Ciudad Real;TOTAL EDADES;TOTAL;Hombres;2021;243.763
13 Ciudad Real;TOTAL EDADES;TOTAL;Hombres;2020;244.842
13 Ciudad Real;TOTAL EDADES;TOTAL;Hombres;2019;244.877
13 Ciudad Real;TOTAL EDADES;TOTAL;Hombres;2018;246.656
13 Ciudad Real;TOTAL EDADES;TOTAL;Mujeres;2022;247.888
13 Ciudad Real;TOTAL EDADES;TOTAL;Mujeres;2021;248.828
13 Ciudad Real;TOTAL EDADES;TOTAL;Mujeres;2020;250.203
13 Ciudad Real;TOTAL EDADES;TOTAL;Mujeres;2019;250.884
13 Ciudad Real;TOTAL EDADES;TOTAL;Mujeres;2018;252.444
14 Córdoba;TOTAL EDADES;TOTAL;Ambos sexos;2022;772.464
14 Córdoba;TOTAL EDADES;TOTAL;Ambos sexos;2021;776.789
14 Córdoba;TOTAL EDADES;TOTAL;Ambos sexos;2020;781.451
14 Córdoba;TOTAL EDADES;TOTAL;Ambos sexos;2019;782.979
14 Córdoba;TOTAL EDADES;TOTAL;Ambos sexos;2018;785.240
14 Córdoba;TOTAL EDADES;TOTAL;Hombres;2022;378.293
14 Córdoba;TOTAL EDADES;TOTAL;Hombres;2021;380.473
14 Córdoba;TOTAL EDADES;TOTAL;Hombres;2020;382.886
14 Córdoba;TOTAL EDADES;TOTAL;Hombres;2019;383.790
14 Córdoba;TOTAL EDADES;TOTAL;Hombres;2018;385.085
14 Córdoba;TOTAL EDADES;TOTAL;Mujeres;2022;394.171
14 Córdoba;TOTAL EDADES;TOTAL;Mujeres;2021;396.316
14 Córdoba;TOTAL EDADES;TOTAL;Mujeres;2020;398.565
14 Córdoba;TOTAL EDADES;TOTAL;Mujeres;2019;399.189
14 Córdoba;TOTAL EDADES;TOTAL;Mujeres;2018;400.155
15 Coruña, A;TOTAL EDADES;TOTAL;Ambos sexos;2022;1.119.180
15 Coruña, A;TOTAL EDADES;TOTAL;Ambos sexos;2021;1.120.134
15 Coruña, A;TOTAL EDADES;TOTAL;Ambos sexos;2020;1.121.815
15 Coruña, A;TOTAL EDADES;TOTAL;Ambos sexos;2019;1.119.596
15 Coruña, A;TOTAL EDADES;TOTAL;Ambos sexos;2018;1.119.351
15 Coruña, A;TOTAL EDADES;TOTAL;Hombres;2022;536.587
15 Coruña, A;TOTAL EDADES;TOTAL;Hombres;2021;537.004
15 Coruña, A;TOTAL EDADES;TOTAL;Hombres;2020;537.781
15 Coruña, A;TOTAL EDADES;TOTAL;Hombres;2019;536.470
15 Coruña, A;TOTAL EDADES;TOTAL;Hombres;2018;536.637
15 Coruña, A;TOTAL EDADES;TOTAL;Mujeres;2022;582.593
15 Coruña, A;TOTAL EDADES;TOTAL;Mujeres;2021;583.130
15 Coruña, A;TOTAL EDADES;TOTAL;Mujeres;2020;584.034
15 Coruña, A;TOTAL EDADES;TOTAL;Mujeres;2019;583.126
15 Coruña, A;TOTAL EDADES;TOTAL;Mujeres;2018;582.714
16 Cuenca;TOTAL EDADES;TOTAL;Ambos sexos;2022;195.215
16 Cuenca;TOTAL EDADES;TOTAL;Ambos sexos;2021;195.516
16 Cuenca;TOTAL EDADES;TOTAL;Ambos sexos;2020;196.139
16 Cuenca;TOTAL EDADES;TOTAL;Ambos sexos;2019;196.329
16 Cuenca;TOTAL EDADES;TOTAL;Ambos sexos;2018;197.222
16 Cuenca;TOTAL EDADES;TOTAL;Hombres;2022;98.029
16 Cuenca;TOTAL EDADES;TOTAL;Hombres;2021;98.118
16 Cuenca;TOTAL EDADES;TOTAL;Hombres;2020;98.430
16 Cuenca;TOTAL EDADES;TOTAL;Hombres;2019;98.542
16 Cuenca;TOTAL EDADES;TOTAL;Hombres;2018;98.999
16 Cuenca;TOTAL EDADES;TOTAL;Mujeres;2022;97.186
16 Cuenca;TOTAL EDADES;TOTAL;Mujeres;2021;97.398
16 Cuenca;TOTAL EDADES;TOTAL;Mujeres;2020;97.709
16 Cuenca;TOTAL EDADES;TOTAL;Mujeres;2019;97.787
16 Cuenca;TOTAL EDADES;TOTAL;Mujeres;2018;98.223
20 Gipuzkoa;TOTAL EDADES;TOTAL;Ambos sexos;2022;724.418
20 Gipuzkoa;TOTAL EDADES;TOTAL;Ambos sexos;2021;726.033
20 Gipuzkoa;TOTAL EDADES;TOTAL;Ambos sexos;2020;727.121
20 Gipuzkoa;TOTAL EDADES;TOTAL;Ambos sexos;2019;723.576
20 Gipuzkoa;TOTAL EDADES;TOTAL;Ambos sexos;2018;720.592
20 Gipuzkoa;TOTAL EDADES;TOTAL;Hombres;2022;353.967
20 Gipuzkoa;TOTAL EDADES;TOTAL;Hombres;2021;354.717
20 Gipuzkoa;TOTAL EDADES;TOTAL;Hombres;2020;355.130
20 Gipuzkoa;TOTAL EDADES;TOTAL;Hombres;2019;353.363
20 Gipuzkoa;TOTAL EDADES;TOTAL;Hombres;2018;351.696
20 Gipuzkoa;TOTAL EDADES;TOTAL;Mujeres;2022;370.451
20 Gipuzkoa;TOTAL EDADES;TOTAL;Mujeres;2021;371.316
20 Gipuzkoa;TOTAL EDADES;TOTAL;Mujeres;2020;371.991
20 Gipuzkoa;TOTAL EDADES;TOTAL;Mujeres;2019;370.213
20 Gipuzkoa;TOTAL EDADES;TOTAL;Mujeres;2018;368.896
17 Girona;TOTAL EDADES;TOTAL;Ambos sexos;2022;793.478
17 Girona;TOTAL EDADES;TOTAL;Ambos sexos;2021;786.596
17 Girona;TOTAL EDADES;TOTAL;Ambos sexos;2020;781.788
17 Girona;TOTAL EDADES;TOTAL;Ambos sexos;2019;771.044
17 Girona;TOTAL EDADES;TOTAL;Ambos sexos;2018;761.947
17 Girona;TOTAL EDADES;TOTAL;Hombres;2022;397.423
17 Girona;TOTAL EDADES;TOTAL;Hombres;2021;393.769
17 Girona;TOTAL EDADES;TOTAL;Hombres;2020;391.183
17 Girona;TOTAL EDADES;TOTAL;Hombres;2019;385.298
17 Girona;TOTAL EDADES;TOTAL;Hombres;2018;380.690
17 Girona;TOTAL EDADES;TOTAL;Mujeres;2022;396.055
17 Girona;TOTAL EDADES;TOTAL;Mujeres;2021;392.827
17 Girona;TOTAL EDADES;TOTAL;Mujeres;2020;390.605
17 Girona;TOTAL EDADES;TOTAL;Mujeres;2019;385.746
17 Girona;TOTAL EDADES;TOTAL;Mujeres;2018;381.257
18 Granada;TOTAL EDADES;TOTAL;Ambos sexos;2022;921.987
18 Granada;TOTAL EDADES;TOTAL;Ambos sexos;2021;921.338
18 Granada;TOTAL EDADES;TOTAL;Ambos sexos;2020;919.168
18 Granada;TOTAL EDADES;TOTAL;Ambos sexos;2019;914.678
18 Granada;TOTAL EDADES;TOTAL;Ambos sexos;2018;912.075
18 Granada;TOTAL EDADES;TOTAL;Hombres;2022;454.162
18 Granada;TOTAL EDADES;TOTAL;Hombres;2021;453.683
18 Granada;TOTAL EDADES;TOTAL;Hombres;2020;452.595
18 Granada;TOTAL EDADES;TOTAL;Hombres;2019;450.555
18 Granada;TOTAL EDADES;TOTAL;Hombres;2018;449.318
18 Granada;TOTAL EDADES;TOTAL;Mujeres;2022;467.825
18 Granada;TOTAL EDADES;TOTAL;Mujeres;2021;467.655
18 Granada;TOTAL EDADES;TOTAL;Mujeres;2020;466.573
18 Granada;TOTAL EDADES;TOTAL;Mujeres;2019;464.123
18 Granada;TOTAL EDADES;TOTAL;Mujeres;2018;462.757
19 Guadalajara;TOTAL EDADES;TOTAL;Ambos sexos;2022;268.127
19 Guadalajara;TOTAL EDADES;TOTAL;Ambos sexos;2021;265.588
19 Guadalajara;TOTAL EDADES;TOTAL;Ambos sexos;2020;261.995
19 Guadalajara;TOTAL EDADES;TOTAL;Ambos sexos;2019;257.762
19 Guadalajara;TOTAL EDADES;TOTAL;Ambos sexos;2018;254.308
19 Guadalajara;TOTAL EDADES;TOTAL;Hombres;2022;135.890
19 Guadalajara;TOTAL EDADES;TOTAL;Hombres;2021;134.624
19 Guadalajara;TOTAL EDADES;TOTAL;Hombres;2020;132.839
19 Guadalajara;TOTAL EDADES;TOTAL;Hombres;2019;130.534
19 Guadalajara;TOTAL EDADES;TOTAL;Hombres;2018;128.854
19 Guadalajara;TOTAL EDADES;TOTAL;Mujeres;2022;132.237
19 Guadalajara;TOTAL EDADES;TOTAL;Mujeres;2021;130.964
19 Guadalajara;TOTAL EDADES;TOTAL;Mujeres;2020;129.156
19 Guadalajara;TOTAL EDADES;TOTAL;Mujeres;2019;127.228
19 Guadalajara;TOTAL EDADES;TOTAL;Mujeres;2018;125.454
21 Huelva;TOTAL EDADES;TOTAL;Ambos sexos;2022;528.763
21 Huelva;TOTAL EDADES;TOTAL;Ambos sexos;2021;525.835
21 Huelva;TOTAL EDADES;TOTAL;Ambos sexos;2020;524.278
21 Huelva;TOTAL EDADES;TOTAL;Ambos sexos;2019;521.870
21 Huelva;TOTAL EDADES;TOTAL;Ambos sexos;2018;519.932
21 Huelva;TOTAL EDADES;TOTAL;Hombres;2022;262.236
21 Huelva;TOTAL EDADES;TOTAL;Hombres;2021;260.581
21 Huelva;TOTAL EDADES;TOTAL;Hombres;2020;259.496
21 Huelva;TOTAL EDADES;TOTAL;Hombres;2019;258.413
21 Huelva;TOTAL EDADES;TOTAL;Hombres;2018;257.713
21 Huelva;TOTAL EDADES;TOTAL;Mujeres;2022;266.527
21 Huelva;TOTAL EDADES;TOTAL;Mujeres;2021;265.254
21 Huelva;TOTAL EDADES;TOTAL;Mujeres;2020;264.782
21 Huelva;TOTAL EDADES;TOTAL;Mujeres;2019;263.457
21 Huelva;TOTAL EDADES;TOTAL;Mujeres;2018;262.219
22 Huesca;TOTAL EDADES;TOTAL;Ambos sexos;2022;225.456
22 Huesca;TOTAL EDADES;TOTAL;Ambos sexos;2021;224.264
22 Huesca;TOTAL EDADES;TOTAL;Ambos sexos;2020;222.687
22 Huesca;TOTAL EDADES;TOTAL;Ambos sexos;2019;220.461
22 Huesca;TOTAL EDADES;TOTAL;Ambos sexos;2018;219.345
22 Huesca;TOTAL EDADES;TOTAL;Hombres;2022;114.371
22 Huesca;TOTAL EDADES;TOTAL;Hombres;2021;113.607
22 Huesca;TOTAL EDADES;TOTAL;Hombres;2020;112.479
22 Huesca;TOTAL EDADES;TOTAL;Hombres;2019;111.228
22 Huesca;TOTAL EDADES;TOTAL;Hombres;2018;110.599
22 Huesca;TOTAL EDADES;TOTAL;Mujeres;2022;111.085
22 Huesca;TOTAL EDADES;TOTAL;Mujeres;2021;110.657
22 Huesca;TOTAL EDADES;TOTAL;Mujeres;2020;110.208
22 Huesca;TOTAL EDADES;TOTAL;Mujeres;2019;109.233
22 Huesca;TOTAL EDADES;TOTAL;Mujeres;2018;108.746
23 Jaén;TOTAL EDADES;TOTAL;Ambos sexos;2022;623.761
23 Jaén;TOTAL EDADES;TOTAL;Ambos sexos;2021;627.190
23 Jaén;TOTAL EDADES;TOTAL;Ambos sexos;2020;631.381
23 Jaén;TOTAL EDADES;TOTAL;Ambos sexos;2019;633.564
23 Jaén;TOTAL EDADES;TOTAL;Ambos sexos;2018;638.099
23 Jaén;TOTAL EDADES;TOTAL;Hombres;2022;308.735
23 Jaén;TOTAL EDADES;TOTAL;Hombres;2021;310.323
23 Jaén;TOTAL EDADES;TOTAL;Hombres;2020;312.364
23 Jaén;TOTAL EDADES;TOTAL;Hombres;2019;313.356
23 Jaén;TOTAL EDADES;TOTAL;Hombres;2018;315.549
23 Jaén;TOTAL EDADES;TOTAL;Mujeres;2022;315.026
23 Jaén;TOTAL EDADES;TOTAL;Mujeres;2021;316.867
23 Jaén;TOTAL EDADES;TOTAL;Mujeres;2020;319.017
23 Jaén;TOTAL EDADES;TOTAL;Mujeres;2019;320.208
23 Jaén;TOTAL EDADES;TOTAL;Mujeres;2018;322.550
24 León;TOTAL EDADES;TOTAL;Ambos sexos;2022;448.179
24 León;TOTAL EDADES;TOTAL;Ambos sexos;2021;451.706
24 León;TOTAL EDADES;TOTAL;Ambos sexos;2020;456.439
24 León;TOTAL EDADES;TOTAL;Ambos sexos;2019;460.001
24 León;TOTAL EDADES;TOTAL;Ambos sexos;2018;463.746
24 León;TOTAL EDADES;TOTAL;Hombres;2022;217.715
24 León;TOTAL EDADES;TOTAL;Hombres;2021;219.532
24 León;TOTAL EDADES;TOTAL;Hombres;2020;221.904
24 León;TOTAL EDADES;TOTAL;Hombres;2019;223.744
24 León;TOTAL EDADES;TOTAL;Hombres;2018;225.646
24 León;TOTAL EDADES;TOTAL;Mujeres;2022;230.464
24 León;TOTAL EDADES;TOTAL;Mujeres;2021;232.174
24 León;TOTAL EDADES;TOTAL;Mujeres;2020;234.535
24 León;TOTAL EDADES;TOTAL;Mujeres;2019;236.257
24 León;TOTAL EDADES;TOTAL;Mujeres;2018;238.100
25 Lleida;TOTAL EDADES;TOTAL;Ambos sexos;2022;441.443
25 Lleida;TOTAL EDADES;TOTAL;Ambos sexos;2021;439.727
25 Lleida;TOTAL EDADES;TOTAL;Ambos sexos;2020;438.517
25 Lleida;TOTAL EDADES;TOTAL;Ambos sexos;2019;434.930
25 Lleida;TOTAL EDADES;TOTAL;Ambos sexos;2018;432.866
25 Lleida;TOTAL EDADES;TOTAL;Hombres;2022;225.231
25 Lleida;TOTAL EDADES;TOTAL;Hombres;2021;224.156
25 Lleida;TOTAL EDADES;TOTAL;Hombres;2020;223.323
25 Lleida;TOTAL EDADES;TOTAL;Hombres;2019;220.878
25 Lleida;TOTAL EDADES;TOTAL;Hombres;2018;219.509
25 Lleida;TOTAL EDADES;TOTAL;Mujeres;2022;216.212
25 Lleida;TOTAL EDADES;TOTAL;Mujeres;2021;215.571
25 Lleida;TOTAL EDADES;TOTAL;Mujeres;2020;215.194
25 Lleida;TOTAL EDADES;TOTAL;Mujeres;2019;214.052
25 Lleida;TOTAL EDADES;TOTAL;Mujeres;2018;213.357
27 Lugo;TOTAL EDADES;TOTAL;Ambos sexos;2022;323.989
27 Lugo;TOTAL EDADES;TOTAL;Ambos sexos;2021;326.013
27 Lugo;TOTAL EDADES;TOTAL;Ambos sexos;2020;327.946
27 Lugo;TOTAL EDADES;TOTAL;Ambos sexos;2019;329.587
27 Lugo;TOTAL EDADES;TOTAL;Ambos sexos;2018;331.327
27 Lugo;TOTAL EDADES;TOTAL;Hombres;2022;156.967
27 Lugo;TOTAL EDADES;TOTAL;Hombres;2021;157.892
27 Lugo;TOTAL EDADES;TOTAL;Hombres;2020;158.842
27 Lugo;TOTAL EDADES;TOTAL;Hombres;2019;159.686
27 Lugo;TOTAL EDADES;TOTAL;Hombres;2018;160.647
27 Lugo;TOTAL EDADES;TOTAL;Mujeres;2022;167.022
27 Lugo;TOTAL EDADES;TOTAL;Mujeres;2021;168.121
27 Lugo;TOTAL EDADES;TOTAL;Mujeres;2020;169.104
27 Lugo;TOTAL EDADES;TOTAL;Mujeres;2019;169.901
27 Lugo;TOTAL EDADES;TOTAL;Mujeres;2018;170.680
28 Madrid;TOTAL EDADES;TOTAL;Ambos sexos;2022;6.750.336
28 Madrid;TOTAL EDADES;TOTAL;Ambos sexos;2021;6.751.251
28 Madrid;TOTAL EDADES;TOTAL;Ambos sexos;2020;6.779.888
28 Madrid;TOTAL EDADES;TOTAL;Ambos sexos;2019;6.663.394
28 Madrid;TOTAL EDADES;TOTAL;Ambos sexos;2018;6.578.079
28 Madrid;TOTAL EDADES;TOTAL;Hombres;2022;3.230.154
28 Madrid;TOTAL EDADES;TOTAL;Hombres;2021;3.229.700
28 Madrid;TOTAL EDADES;TOTAL;Hombres;2020;3.243.793
28 Madrid;TOTAL EDADES;TOTAL;Hombres;2019;3.187.312
28 Madrid;TOTAL EDADES;TOTAL;Hombres;2018;3.147.872
28 Madrid;TOTAL EDADES;TOTAL;Mujeres;2022;3.520.182
28 Madrid;TOTAL EDADES;TOTAL;Mujeres;2021;3.521.551
28 Madrid;TOTAL EDADES;TOTAL;Mujeres;2020;3.536.095
28 Madrid;TOTAL EDADES;TOTAL;Mujeres;2019;3.476.082
28 Madrid;TOTAL EDADES;TOTAL;Mujeres;2018;3.430.207
29 Málaga;TOTAL EDADES;TOTAL;Ambos sexos;2022;1.717.504
29 Málaga;TOTAL EDADES;TOTAL;Ambos sexos;2021;1.695.651
29 Málaga;TOTAL EDADES;TOTAL;Ambos sexos;2020;1.685.920
29 Málaga;TOTAL EDADES;TOTAL;Ambos sexos;2019;1.661.785
29 Málaga;TOTAL EDADES;TOTAL;Ambos sexos;2018;1.641.121
29 Málaga;TOTAL EDADES;TOTAL;Hombres;2022;840.488
29 Málaga;TOTAL EDADES;TOTAL;Hombres;2021;829.976
29 Málaga;TOTAL EDADES;TOTAL;Hombres;2020;825.450
29 Málaga;TOTAL EDADES;TOTAL;Hombres;2019;814.349
29 Málaga;TOTAL EDADES;TOTAL;Hombres;2018;804.858
29 Málaga;TOTAL EDADES;TOTAL;Mujeres;2022;877.016
29 Málaga;TOTAL EDADES;TOTAL;Mujeres;2021;865.675
29 Málaga;TOTAL EDADES;TOTAL;Mujeres;2020;860.470
29 Málaga;TOTAL EDADES;TOTAL;Mujeres;2019;847.436
29 Málaga;TOTAL EDADES;TOTAL;Mujeres;2018;836.263
30 Murcia;TOTAL EDADES;TOTAL;Ambos sexos;2022;1.531.878
30 Murcia;TOTAL EDADES;TOTAL;Ambos sexos;2021;1.518.486
30 Murcia;TOTAL EDADES;TOTAL;Ambos sexos;2020;1.511.251
30 Murcia;TOTAL EDADES;TOTAL;Ambos sexos;2019;1.493.898
30 Murcia;TOTAL EDADES;TOTAL;Ambos sexos;2018;1.478.509
30 Murcia;TOTAL EDADES;TOTAL;Hombres;2022;767.408
30 Murcia;TOTAL EDADES;TOTAL;Hombres;2021;760.362
30 Murcia;TOTAL EDADES;TOTAL;Hombres;2020;756.699
30 Murcia;TOTAL EDADES;TOTAL;Hombres;2019;747.615
30 Murcia;TOTAL EDADES;TOTAL;Hombres;2018;740.143
30 Murcia;TOTAL EDADES;TOTAL;Mujeres;2022;764.470
30 Murcia;TOTAL EDADES;TOTAL;Mujeres;2021;758.124
30 Murcia;TOTAL EDADES;TOTAL;Mujeres;2020;754.552
30 Murcia;TOTAL EDADES;TOTAL;Mujeres;2019;746.283
30 Murcia;TOTAL EDADES;TOTAL;Mujeres;2018;738.366
31 Navarra;TOTAL EDADES;TOTAL;Ambos sexos;2022;664.117
31 Navarra;TOTAL EDADES;TOTAL;Ambos sexos;2021;661.537
31 Navarra;TOTAL EDADES;TOTAL;Ambos sexos;2020;661.197
31 Navarra;TOTAL EDADES;TOTAL;Ambos sexos;2019;654.214
31 Navarra;TOTAL EDADES;TOTAL;Ambos sexos;2018;647.554
31 Navarra;TOTAL EDADES;TOTAL;Hombres;2022;328.620
31 Navarra;TOTAL EDADES;TOTAL;Hombres;2021;327.465
31 Navarra;TOTAL EDADES;TOTAL;Hombres;2020;327.226
31 Navarra;TOTAL EDADES;TOTAL;Hombres;2019;323.631
31 Navarra;TOTAL EDADES;TOTAL;Hombres;2018;320.469
31 Navarra;TOTAL EDADES;TOTAL;Mujeres;2022;335.497
31 Navarra;TOTAL EDADES;TOTAL;Mujeres;2021;334.072
31 Navarra;TOTAL EDADES;TOTAL;Mujeres;2020;333.971
31 Navarra;TOTAL EDADES;TOTAL;Mujeres;2019;330.583
31 Navarra;TOTAL EDADES;TOTAL;Mujeres;2018;327.085
32 Ourense;TOTAL EDADES;TOTAL;Ambos sexos;2022;304.280
32 Ourense;TOTAL EDADES;TOTAL;Ambos sexos;2021;305.223
32 Ourense;TOTAL EDADES;TOTAL;Ambos sexos;2020;306.650
32 Ourense;TOTAL EDADES;TOTAL;Ambos sexos;2019;307.651
32 Ourense;TOTAL EDADES;TOTAL;Ambos sexos;2018;309.293
32 Ourense;TOTAL EDADES;TOTAL;Hombres;2022;146.072
32 Ourense;TOTAL EDADES;TOTAL;Hombres;2021;146.495
32 Ourense;TOTAL EDADES;TOTAL;Hombres;2020;147.078
32 Ourense;TOTAL EDADES;TOTAL;Hombres;2019;147.522
32 Ourense;TOTAL EDADES;TOTAL;Hombres;2018;148.426
32 Ourense;TOTAL EDADES;TOTAL;Mujeres;2022;158.208
32 Ourense;TOTAL EDADES;TOTAL;Mujeres;2021;158.728
32 Ourense;TOTAL EDADES;TOTAL;Mujeres;2020;159.572
32 Ourense;TOTAL EDADES;TOTAL;Mujeres;2019;160.129
32 Ourense;TOTAL EDADES;TOTAL;Mujeres;2018;160.867
34 Palencia;TOTAL EDADES;TOTAL;Ambos sexos;2022;158.008
34 Palencia;TOTAL EDADES;TOTAL;Ambos sexos;2021;159.123
34 Palencia;TOTAL EDADES;TOTAL;Ambos sexos;2020;160.321
34 Palencia;TOTAL EDADES;TOTAL;Ambos sexos;2019;160.980
34 Palencia;TOTAL EDADES;TOTAL;Ambos sexos;2018;162.035
34 Palencia;TOTAL EDADES;TOTAL;Hombres;2022;78.269
34 Palencia;TOTAL EDADES;TOTAL;Hombres;2021;78.841
34 Palencia;TOTAL EDADES;TOTAL;Hombres;2020;79.457
34 Palencia;TOTAL EDADES;TOTAL;Hombres;2019;79.808
34 Palencia;TOTAL EDADES;TOTAL;Hombres;2018;80.323
34 Palencia;TOTAL EDADES;TOTAL;Mujeres;2022;79.739
34 Palencia;TOTAL EDADES;TOTAL;Mujeres;2021;80.282
34 Palencia;TOTAL EDADES;TOTAL;Mujeres;2020;80.864
34 Palencia;TOTAL EDADES;TOTAL;Mujeres;2019;81.172
34 Palencia;TOTAL EDADES;TOTAL;Mujeres;2018;81.712
35 Palmas, Las;TOTAL EDADES;TOTAL;Ambos sexos;2022;1.129.395
35 Palmas, Las;TOTAL EDADES;TOTAL;Ambos sexos;2021;1.128.539
35 Palmas, Las;TOTAL EDADES;TOTAL;Ambos sexos;2020;1.131.065
35 Palmas, Las;TOTAL EDADES;TOTAL;Ambos sexos;2019;1.120.406
35 Palmas, Las;TOTAL EDADES;TOTAL;Ambos sexos;2018;1.109.175
35 Palmas, Las;TOTAL EDADES;TOTAL;Hombres;2022;560.964
35 Palmas, Las;TOTAL EDADES;TOTAL;Hombres;2021;561.281
35 Palmas, Las;TOTAL EDADES;TOTAL;Hombres;2020;562.694
35 Palmas, Las;TOTAL EDADES;TOTAL;Hombres;2019;557.774
35 Palmas, Las;TOTAL EDADES;TOTAL;Hombres;2018;552.555
35 Palmas, Las;TOTAL EDADES;TOTAL;Mujeres;2022;568.431
35 Palmas, Las;TOTAL EDADES;TOTAL;Mujeres;2021;567.258
35 Palmas, Las;TOTAL EDADES;TOTAL;Mujeres;2020;568.371
35 Palmas, Las;TOTAL EDADES;TOTAL;Mujeres;2019;562.632
35 Palmas, Las;TOTAL EDADES;TOTAL;Mujeres;2018;556.620
36 Pontevedra;TOTAL EDADES;TOTAL;Ambos sexos;2022;943.015
36 Pontevedra;TOTAL EDADES;TOTAL;Ambos sexos;2021;944.275
36 Pontevedra;TOTAL EDADES;TOTAL;Ambos sexos;2020;945.408
36 Pontevedra;TOTAL EDADES;TOTAL;Ambos sexos;2019;942.665
36 Pontevedra;TOTAL EDADES;TOTAL;Ambos sexos;2018;941.772
36 Pontevedra;TOTAL EDADES;TOTAL;Hombres;2022;455.082
36 Pontevedra;TOTAL EDADES;TOTAL;Hombres;2021;455.910
36 Pontevedra;TOTAL EDADES;TOTAL;Hombres;2020;456.452
36 Pontevedra;TOTAL EDADES;TOTAL;Hombres;2019;455.286
36 Pontevedra;TOTAL EDADES;TOTAL;Hombres;2018;454.899
36 Pontevedra;TOTAL EDADES;TOTAL;Mujeres;2022;487.933
36 Pontevedra;TOTAL EDADES;TOTAL;Mujeres;2021;488.365
36 Pontevedra;TOTAL EDADES;TOTAL;Mujeres;2020;488.956
36 Pontevedra;TOTAL EDADES;TOTAL;Mujeres;2019;487.379
36 Pontevedra;TOTAL EDADES;TOTAL;Mujeres;2018;486.873
26 Rioja, La;TOTAL EDADES;TOTAL;Ambos sexos;2022;319.892
26 Rioja, La;TOTAL EDADES;TOTAL;Ambos sexos;2021;319.796
26 Rioja, La;TOTAL EDADES;TOTAL;Ambos sexos;2020;319.914
26 Rioja, La;TOTAL EDADES;TOTAL;Ambos sexos;2019;316.798
26 Rioja, La;TOTAL EDADES;TOTAL;Ambos sexos;2018;315.675
26 Rioja, La;TOTAL EDADES;TOTAL;Hombres;2022;157.851
26 Rioja, La;TOTAL EDADES;TOTAL;Hombres;2021;157.823
26 Rioja, La;TOTAL EDADES;TOTAL;Hombres;2020;157.835
26 Rioja, La;TOTAL EDADES;TOTAL;Hombres;2019;156.179
26 Rioja, La;TOTAL EDADES;TOTAL;Hombres;2018;155.758
26 Rioja, La;TOTAL EDADES;TOTAL;Mujeres;2022;162.041
26 Rioja, La;TOTAL EDADES;TOTAL;Mujeres;2021;161.973
26 Rioja, La;TOTAL EDADES;TOTAL;Mujeres;2020;162.079
26 Rioja, La;TOTAL EDADES;TOTAL;Mujeres;2019;160.619
26 Rioja, La;TOTAL EDADES;TOTAL;Mujeres;2018;159.917
37 Salamanca;TOTAL EDADES;TOTAL;Ambos sexos;2022;325.898
37 Salamanca;TOTAL EDADES;TOTAL;Ambos sexos;2021;327.338
37 Salamanca;TOTAL EDADES;TOTAL;Ambos sexos;2020;329.245
37 Salamanca;TOTAL EDADES;TOTAL;Ambos sexos;2019;330.119
37 Salamanca;TOTAL EDADES;TOTAL;Ambos sexos;2018;331.473
37 Salamanca;TOTAL EDADES;TOTAL;Hombres;2022;158.174
37 Salamanca;TOTAL EDADES;TOTAL;Hombres;2021;158.874
37 Salamanca;TOTAL EDADES;TOTAL;Hombres;2020;159.929
37 Salamanca;TOTAL EDADES;TOTAL;Hombres;2019;160.364
37 Salamanca;TOTAL EDADES;TOTAL;Hombres;2018;161.065
37 Salamanca;TOTAL EDADES;TOTAL;Mujeres;2022;167.724
37 Salamanca;TOTAL EDADES;TOTAL;Mujeres;2021;168.464
37 Salamanca;TOTAL EDADES;TOTAL;Mujeres;2020;169.316
37 Salamanca;TOTAL EDADES;TOTAL;Mujeres;2019;169.755
37 Salamanca;TOTAL EDADES;TOTAL;Mujeres;2018;170.408
38 Santa Cruz de Tenerife;TOTAL EDADES;TOTAL;Ambos sexos;2022;1.048.306
38 Santa Cruz de Tenerife;TOTAL EDADES;TOTAL;Ambos sexos;2021;1.044.405
38 Santa Cruz de Tenerife;TOTAL EDADES;TOTAL;Ambos sexos;2020;1.044.887
38 Santa Cruz de Tenerife;TOTAL EDADES;TOTAL;Ambos sexos;2019;1.032.983
38 Santa Cruz de Tenerife;TOTAL EDADES;TOTAL;Ambos sexos;2018;1.018.510
38 Santa Cruz de Tenerife;TOTAL EDADES;TOTAL;Hombres;2022;514.451
38 Santa Cruz de Tenerife;TOTAL EDADES;TOTAL;Hombres;2021;512.899
38 Santa Cruz de Tenerife;TOTAL EDADES;TOTAL;Hombres;2020;513.491
38 Santa Cruz de Tenerife;TOTAL EDADES;TOTAL;Hombres;2019;508.197
38 Santa Cruz de Tenerife;TOTAL EDADES;TOTAL;Hombres;2018;501.477
38 Santa Cruz de Tenerife;TOTAL EDADES;TOTAL;Mujeres;2022;533.855
38 Santa Cruz de Tenerife;TOTAL EDADES;TOTAL;Mujeres;2021;531.506
38 Santa Cruz de Tenerife;TOTAL EDADES;TOTAL;Mujeres;2020;531.396
38 Santa Cruz de Tenerife;TOTAL EDADES;TOTAL;Mujeres;2019;524.786
38 Santa Cruz de Tenerife;TOTAL EDADES;TOTAL;Mujeres;2018;517.033
40 Segovia;TOTAL EDADES;TOTAL;Ambos sexos;2022;153.803
40 Segovia;TOTAL EDADES;TOTAL;Ambos sexos;2021;153.663
40 Segovia;TOTAL EDADES;TOTAL;Ambos sexos;2020;153.478
40 Segovia;TOTAL EDADES;TOTAL;Ambos sexos;2019;153.129
40 Segovia;TOTAL EDADES;TOTAL;Ambos sexos;2018;153.342
40 Segovia;TOTAL EDADES;TOTAL;Hombres;2022;77.175
40 Segovia;TOTAL EDADES;TOTAL;Hombres;2021;77.071
40 Segovia;TOTAL EDADES;TOTAL;Hombres;2020;77.033
40 Segovia;TOTAL EDADES;TOTAL;Hombres;2019;76.813
40 Segovia;TOTAL EDADES;TOTAL;Hombres;2018;76.979
40 Segovia;TOTAL EDADES;TOTAL;Mujeres;2022;76.628
40 Segovia;TOTAL EDADES;TOTAL;Mujeres;2021;76.592
40 Segovia;TOTAL EDADES;TOTAL;Mujeres;2020;76.445
40 Segovia;TOTAL EDADES;TOTAL;Mujeres;2019;76.316
40 Segovia;TOTAL EDADES;TOTAL;Mujeres;2018;76.363
41 Sevilla;TOTAL EDADES;TOTAL;Ambos sexos;2022;1.948.393
41 Sevilla;TOTAL EDADES;TOTAL;Ambos sexos;2021;1.947.852
41 Sevilla;TOTAL EDADES;TOTAL;Ambos sexos;2020;1.950.219
41 Sevilla;TOTAL EDADES;TOTAL;Ambos sexos;2019;1.942.389
41 Sevilla;TOTAL EDADES;TOTAL;Ambos sexos;2018;1.939.887
41 Sevilla;TOTAL EDADES;TOTAL;Hombres;2022;951.379
41 Sevilla;TOTAL EDADES;TOTAL;Hombres;2021;951.083
41 Sevilla;TOTAL EDADES;TOTAL;Hombres;2020;952.695
41 Sevilla;TOTAL EDADES;TOTAL;Hombres;2019;949.212
41 Sevilla;TOTAL EDADES;TOTAL;Hombres;2018;948.699
41 Sevilla;TOTAL EDADES;TOTAL;Mujeres;2022;997.014
41 Sevilla;TOTAL EDADES;TOTAL;Mujeres;2021;996.769
41 Sevilla;TOTAL EDADES;TOTAL;Mujeres;2020;997.524
41 Sevilla;TOTAL EDADES;TOTAL;Mujeres;2019;993.177
41 Sevilla;TOTAL EDADES;TOTAL;Mujeres;2018;991.188
42 Soria;TOTAL EDADES;TOTAL;Ambos sexos;2022;88.377
42 Soria;TOTAL EDADES;TOTAL;Ambos sexos;2021;88.747
42 Soria;TOTAL EDADES;TOTAL;Ambos sexos;2020;88.884
42 Soria;TOTAL EDADES;TOTAL;Ambos sexos;2019;88.636
42 Soria;TOTAL EDADES;TOTAL;Ambos sexos;2018;88.600
42 Soria;TOTAL EDADES;TOTAL;Hombres;2022;44.776
42 Soria;TOTAL EDADES;TOTAL;Hombres;2021;44.920
42 Soria;TOTAL EDADES;TOTAL;Hombres;2020;44.927
42 Soria;TOTAL EDADES;TOTAL;Hombres;2019;44.814
42 Soria;TOTAL EDADES;TOTAL;Hombres;2018;44.800
42 Soria;TOTAL EDADES;TOTAL;Mujeres;2022;43.601
42 Soria;TOTAL EDADES;TOTAL;Mujeres;2021;43.827
42 Soria;TOTAL EDADES;TOTAL;Mujeres;2020;43.957
42 Soria;TOTAL EDADES;TOTAL;Mujeres;2019;43.822
42 Soria;TOTAL EDADES;TOTAL;Mujeres;2018;43.800
43 Tarragona;TOTAL EDADES;TOTAL;Ambos sexos;2022;830.075
43 Tarragona;TOTAL EDADES;TOTAL;Ambos sexos;2021;822.309
43 Tarragona;TOTAL EDADES;TOTAL;Ambos sexos;2020;816.772
43 Tarragona;TOTAL EDADES;TOTAL;Ambos sexos;2019;804.664
43 Tarragona;TOTAL EDADES;TOTAL;Ambos sexos;2018;795.902
43 Tarragona;TOTAL EDADES;TOTAL;Hombres;2022;414.280
43 Tarragona;TOTAL EDADES;TOTAL;Hombres;2021;410.656
43 Tarragona;TOTAL EDADES;TOTAL;Hombres;2020;408.142
43 Tarragona;TOTAL EDADES;TOTAL;Hombres;2019;401.258
43 Tarragona;TOTAL EDADES;TOTAL;Hombres;2018;396.661
43 Tarragona;TOTAL EDADES;TOTAL;Mujeres;2022;415.795
43 Tarragona;TOTAL EDADES;TOTAL;Mujeres;2021;411.653
43 Tarragona;TOTAL EDADES;TOTAL;Mujeres;2020;408.630
43 Tarragona;TOTAL EDADES;TOTAL;Mujeres;2019;403.406
43 Tarragona;TOTAL EDADES;TOTAL;Mujeres;2018;399.241
44 Teruel;TOTAL EDADES;TOTAL;Ambos sexos;2022;134.421
44 Teruel;TOTAL EDADES;TOTAL;Ambos sexos;2021;134.545
44 Teruel;TOTAL EDADES;TOTAL;Ambos sexos;2020;134.176
44 Teruel;TOTAL EDADES;TOTAL;Ambos sexos;2019;134.137
44 Teruel;TOTAL EDADES;TOTAL;Ambos sexos;2018;134.572
44 Teruel;TOTAL EDADES;TOTAL;Hombres;2022;68.207
44 Teruel;TOTAL EDADES;TOTAL;Hombres;2021;68.287
44 Teruel;TOTAL EDADES;TOTAL;Hombres;2020;67.975
44 Teruel;TOTAL EDADES;TOTAL;Hombres;2019;67.927
44 Teruel;TOTAL EDADES;TOTAL;Hombres;2018;68.060
44 Teruel;TOTAL EDADES;TOTAL;Mujeres;2022;66.214
44 Teruel;TOTAL EDADES;TOTAL;Mujeres;2021;66.258
44 Teruel;TOTAL EDADES;TOTAL;Mujeres;2020;66.201
44 Teruel;TOTAL EDADES;TOTAL;Mujeres;2019;66.210
44 Teruel;TOTAL EDADES;TOTAL;Mujeres;2018;66.512
45 Toledo;TOTAL EDADES;TOTAL;Ambos sexos;2022;713.453
45 Toledo;TOTAL EDADES;TOTAL;Ambos sexos;2021;709.403
45 Toledo;TOTAL EDADES;TOTAL;Ambos sexos;2020;703.772
45 Toledo;TOTAL EDADES;TOTAL;Ambos sexos;2019;694.844
45 Toledo;TOTAL EDADES;TOTAL;Ambos sexos;2018;687.391
45 Toledo;TOTAL EDADES;TOTAL;Hombres;2022;358.203
45 Toledo;TOTAL EDADES;TOTAL;Hombres;2021;356.418
45 Toledo;TOTAL EDADES;TOTAL;Hombres;2020;353.548
45 Toledo;TOTAL EDADES;TOTAL;Hombres;2019;349.090
45 Toledo;TOTAL EDADES;TOTAL;Hombres;2018;345.532
45 Toledo;TOTAL EDADES;TOTAL;Mujeres;2022;355.250
45 Toledo;TOTAL EDADES;TOTAL;Mujeres;2021;352.985
45 Toledo;TOTAL EDADES;TOTAL;Mujeres;2020;350.224
45 Toledo;TOTAL EDADES;TOTAL;Mujeres;2019;345.754
45 Toledo;TOTAL EDADES;TOTAL;Mujeres;2018;341.859
46 Valencia/València;TOTAL EDADES;TOTAL;Ambos sexos;2022;2.605.757
46 Valencia/València;TOTAL EDADES;TOTAL;Ambos sexos;2021;2.589.312
46 Valencia/València;TOTAL EDADES;TOTAL;Ambos sexos;2020;2.591.875
46 Valencia/València;TOTAL EDADES;TOTAL;Ambos sexos;2019;2.565.124
46 Valencia/València;TOTAL EDADES;TOTAL;Ambos sexos;2018;2.547.986
46 Valencia/València;TOTAL EDADES;TOTAL;Hombres;2022;1.275.506
46 Valencia/València;TOTAL EDADES;TOTAL;Hombres;2021;1.267.961
46 Valencia/València;TOTAL EDADES;TOTAL;Hombres;2020;1.269.466
46 Valencia/València;TOTAL EDADES;TOTAL;Hombres;2019;1.256.350
46 Valencia/València;TOTAL EDADES;TOTAL;Hombres;2018;1.248.927
46 Valencia/València;TOTAL EDADES;TOTAL;Mujeres;2022;1.330.251
46 Valencia/València;TOTAL EDADES;TOTAL;Mujeres;2021;1.321.351
46 Valencia/València;TOTAL EDADES;TOTAL;Mujeres;2020;1.322.409
46 Valencia/València;TOTAL EDADES;TOTAL;Mujeres;2019;1.308.774
46 Valencia/València;TOTAL EDADES;TOTAL;Mujeres;2018;1.299.059
47 Valladolid;TOTAL EDADES;TOTAL;Ambos sexos;2022;517.975
47 Valladolid;TOTAL EDADES;TOTAL;Ambos sexos;2021;519.361
47 Valladolid;TOTAL EDADES;TOTAL;Ambos sexos;2020;520.649
47 Valladolid;TOTAL EDADES;TOTAL;Ambos sexos;2019;519.546
47 Valladolid;TOTAL EDADES;TOTAL;Ambos sexos;2018;519.851
47 Valladolid;TOTAL EDADES;TOTAL;Hombres;2022;252.066
47 Valladolid;TOTAL EDADES;TOTAL;Hombres;2021;252.843
47 Valladolid;TOTAL EDADES;TOTAL;Hombres;2020;253.540
47 Valladolid;TOTAL EDADES;TOTAL;Hombres;2019;253.216
47 Valladolid;TOTAL EDADES;TOTAL;Hombres;2018;253.356
47 Valladolid;TOTAL EDADES;TOTAL;Mujeres;2022;265.909
47 Valladolid;TOTAL EDADES;TOTAL;Mujeres;2021;266.518
47 Valladolid;TOTAL EDADES;TOTAL;Mujeres;2020;267.109
47 Valladolid;TOTAL EDADES;TOTAL;Mujeres;2019;266.330
47 Valladolid;TOTAL EDADES;TOTAL;Mujeres;2018;266.495
49 Zamora;TOTAL EDADES;TOTAL;Ambos sexos;2022;167.215
49 Zamora;TOTAL EDADES;TOTAL;Ambos sexos;2021;168.725
49 Zamora;TOTAL EDADES;TOTAL;Ambos sexos;2020;170.588
49 Zamora;TOTAL EDADES;TOTAL;Ambos sexos;2019;172.539
49 Zamora;TOTAL EDADES;TOTAL;Ambos sexos;2018;174.549
49 Zamora;TOTAL EDADES;TOTAL;Hombres;2022;82.787
49 Zamora;TOTAL EDADES;TOTAL;Hombres;2021;83.551
49 Zamora;TOTAL EDADES;TOTAL;Hombres;2020;84.369
49 Zamora;TOTAL EDADES;TOTAL;Hombres;2019;85.341
49 Zamora;TOTAL EDADES;TOTAL;Hombres;2018;86.319
49 Zamora;TOTAL EDADES;TOTAL;Mujeres;2022;84.428
49 Zamora;TOTAL EDADES;TOTAL;Mujeres;2021;85.174
49 Zamora;TOTAL EDADES;TOTAL;Mujeres;2020;86.219
49 Zamora;TOTAL EDADES;TOTAL;Mujeres;2019;87.198
49 Zamora;TOTAL EDADES;TOTAL;Mujeres;2018;88.230
50 Zaragoza;TOTAL EDADES;TOTAL;Ambos sexos;2022;966.438
50 Zaragoza;TOTAL EDADES;TOTAL;Ambos sexos;2021;967.452
50 Zaragoza;TOTAL EDADES;TOTAL;Ambos sexos;2020;972.528
50 Zaragoza;TOTAL EDADES;TOTAL;Ambos sexos;2019;964.693
50 Zaragoza;TOTAL EDADES;TOTAL;Ambos sexos;2018;954.811
50 Zaragoza;TOTAL EDADES;TOTAL;Hombres;2022;472.898
50 Zaragoza;TOTAL EDADES;TOTAL;Hombres;2021;473.354
50 Zaragoza;TOTAL EDADES;TOTAL;Hombres;2020;475.602
50 Zaragoza;TOTAL EDADES;TOTAL;Hombres;2019;471.539
50 Zaragoza;TOTAL EDADES;TOTAL;Hombres;2018;466.839
50 Zaragoza;TOTAL EDADES;TOTAL;Mujeres;2022;493.540
50 Zaragoza;TOTAL EDADES;TOTAL;Mujeres;2021;494.098
50 Zaragoza;TOTAL EDADES;TOTAL;Mujeres;2020;496.926
50 Zaragoza;TOTAL EDADES;TOTAL;Mujeres;2019;493.154
50 Zaragoza;TOTAL EDADES;TOTAL;Mujeres;2018;487.972
51 Ceuta;TOTAL EDADES;TOTAL;Ambos sexos;2022;83.117
51 Ceuta;TOTAL EDADES;TOTAL;Ambos sexos;2021;83.517
51 Ceuta;TOTAL EDADES;TOTAL;Ambos sexos;2020;84.202
51 Ceuta;TOTAL EDADES;TOTAL;Ambos sexos;2019;84.777
51 Ceuta;TOTAL EDADES;TOTAL;Ambos sexos;2018;85.144
51 Ceuta;TOTAL EDADES;TOTAL;Hombres;2022;41.927
51 Ceuta;TOTAL EDADES;TOTAL;Hombres;2021;42.208
51 Ceuta;TOTAL EDADES;TOTAL;Hombres;2020;42.542
51 Ceuta;TOTAL EDADES;TOTAL;Hombres;2019;42.912
51 Ceuta;TOTAL EDADES;TOTAL;Hombres;2018;43.177
51 Ceuta;TOTAL EDADES;TOTAL;Mujeres;2022;41.190
51 Ceuta;TOTAL EDADES;TOTAL;Mujeres;2021;41.309
51 Ceuta;TOTAL EDADES;TOTAL;Mujeres;2020;41.660
51 Ceuta;TOTAL EDADES;TOTAL;Mujeres;2019;41.865
51 Ceuta;TOTAL EDADES;TOTAL;Mujeres;2018;41.967
52 Melilla;TOTAL EDADES;TOTAL;Ambos sexos;2022;85.170
52 Melilla;TOTAL EDADES;TOTAL;Ambos sexos;2021;86.261
52 Melilla;TOTAL EDADES;TOTAL;Ambos sexos;2020;87.076
52 Melilla;TOTAL EDADES;TOTAL;Ambos sexos;2019;86.487
52 Melilla;TOTAL EDADES;TOTAL;Ambos sexos;2018;86.384
52 Melilla;TOTAL EDADES;TOTAL;Hombres;2022;42.990
52 Melilla;TOTAL EDADES;TOTAL;Hombres;2021;43.603
52 Melilla;TOTAL EDADES;TOTAL;Hombres;2020;44.162
52 Melilla;TOTAL EDADES;TOTAL;Hombres;2019;43.894
52 Melilla;TOTAL EDADES;TOTAL;Hombres;2018;43.765
52 Melilla;TOTAL EDADES;TOTAL;Mujeres;2022;42.180
52 Melilla;TOTAL EDADES;TOTAL;Mujeres;2021;42.658
52 Melilla;TOTAL EDADES;TOTAL;Mujeres;2020;42.914
52 Melilla;TOTAL EDADES;TOTAL;Mujeres;2019;42.593
52 Melilla;TOTAL EDADES;TOTAL;Mujeres;2018;42.619
